no;id;dist;x;time;treat;y1;y2;y3
1;1;0;0.7735721;0;0;3.923192;3.096643;13.31439
2;1;0.25;0.7735721;1;0;10.43751;8.877026;14.66957
3;2;0;0.8924938;0;0;3.302063;4.381316;14.7155
4;2;0.5;0.8924938;1;0;9.384268;8.819533;14.44591
5;3;0;0.7974548;0;0;5.920908;2.57478;14.31268
6;3;0.75;0.7974548;1;0;10.60414;8.025814;14.73039
7;4;0;0.2268097;0;0;2.640629;3.574981;14.22123
8;4;1;0.2268097;1;0;6.870143;9.278002;11.83855
9;5;0;0.0874876;0;0;4.320655;3.107874;11.86885
10;5;1.25;0.0874876;1;0;9.300032;9.220352;12.40277
11;6;0;0.3966436;0;0;2.599992;5.895637;12.85301
12;6;1.5;0.3966436;1;0;9.47499;9.797846;12.56762
13;7;0;0.7960544;0;0;2.208614;3.030775;13.46259
14;7;1.75;0.7960544;1;0;10.43127;11.65649;11.04174
15;8;0;0.4039433;0;0;4.317504;2.834729;12.61184
16;8;2;0.4039433;1;0;10.19337;7.683446;11.23718
17;9;0;0.7797304;0;0;3.16691;3.220572;14.19932
18;9;2.25;0.7797304;1;0;9.801716;10.86111;12.64772
19;10;0;0.9466349;0;0;2.438557;4.107567;12.35757
20;10;2.5;0.9466349;1;0;9.545177;9.007376;10.77235
21;11;0;0.2921225;0;0;3.842481;0.6905647;12.45674
22;11;2.75;0.2921225;1;0;10.2561;8.863685;12.32325
23;12;0;0.9130867;0;0;3.11701;3.928735;14.69549
24;12;3;0.9130867;1;0;8.73997;9.48818;11.04246
25;13;0;0.076482;0;0;0.503656;4.311545;13.37352
26;13;3.25;0.076482;1;0;8.956304;9.110492;8.91166
27;14;0;0.7286481;0;0;3.57502;3.057549;12.77842
28;14;3.5;0.7286481;1;0;9.929995;9.061709;9.043183
29;15;0;0.3757625;0;0;3.415678;4.205168;13.1938
30;15;3.75;0.3757625;1;0;9.291032;8.326885;9.14995
31;16;0;0.9083402;0;0;5.64909;2.535923;12.15924
32;16;4;0.9083402;1;0;10.91257;9.23058;10.11058
33;17;0;0.9045855;0;0;5.002377;4.957409;13.47903
34;17;4.25;0.9045855;1;0;8.008494;7.356217;9.927518
35;18;0;0.2030651;0;0;2.963691;4.922058;13.67228
36;18;4.5;0.2030651;1;0;8.297756;8.871379;8.41013
37;19;0;0.9679344;0;0;3.060283;3.128564;14.70812
38;19;4.75;0.9679344;1;0;9.916371;9.011205;7.824449
39;20;0;0.6780207;0;0;6.296414;4.814888;12.08622
40;20;5;0.6780207;1;0;11.0764;6.431818;7.498466
41;21;0;0.8943466;0;0;4.704084;3.942836;13.92286
42;21;5.25;0.8943466;1;0;8.985268;8.804905;7.939624
43;22;0;0.2275392;0;0;1.996081;2.887215;13.93194
44;22;5.5;0.2275392;1;0;8.653951;8.378144;7.205961
45;23;0;0.3815177;0;0;4.69858;0.8858401;13.39015
46;23;5.75;0.3815177;1;0;6.723651;7.78453;7.18288
47;24;0;0.2646598;0;0;4.266734;1.80609;12.10426
48;24;6;0.2646598;1;0;7.35439;7.129066;6.190205
49;25;0;0.4804755;0;0;3.847531;5.443298;14.224
50;25;6.25;0.4804755;1;0;8.802822;9.086123;7.669742
51;26;0;0.1681615;0;0;3.440994;4.230191;11.50672
52;26;6.5;0.1681615;1;0;8.149101;9.786148;7.299373
53;27;0;0.2208942;0;0;3.205543;2.468956;12.91598
54;27;6.75;0.2208942;1;0;7.66849;7.426896;7.124469
55;28;0;0.107107;0;0;3.930565;4.7328;11.83794
56;28;7;0.107107;1;0;8.402307;8.890117;7.090411
57;29;0;0.0598337;0;0;3.589311;1.707448;14.71893
58;29;7.25;0.0598337;1;0;8.583465;6.602228;6.499948
59;30;0;0.0409864;0;0;2.661411;2.063935;13.85326
60;30;7.5;0.0409864;1;0;8.957258;7.413593;7.224076
61;31;0;0.4224581;0;0;2.308494;2.925826;14.80418
62;31;7.75;0.4224581;1;0;8.522745;7.888602;6.816174
63;32;0;0.4969573;0;0;1.911431;4.948906;13.5543
64;32;8;0.4969573;1;0;8.576358;10.12397;7.000545
65;33;0;0.2793277;0;0;4.097087;3.911598;13.14984
66;33;8.25;0.2793277;1;0;8.347511;6.476418;4.590337
67;34;0;0.6841655;0;0;4.059647;4.925309;11.58101
68;34;8.5;0.6841655;1;0;9.029167;8.277303;6.19365
69;35;0;0.949927;0;0;3.175281;3.988082;14.16495
70;35;8.75;0.949927;1;0;8.77614;8.219994;7.562752
71;36;0;0.636104;0;0;4.333676;2.008077;13.45726
72;36;9;0.636104;1;0;8.805101;8.581876;6.5768
73;37;0;0.3628675;0;0;3.549064;3.881788;11.99726
74;37;9.25;0.3628675;1;0;7.405724;6.632561;6.14443
75;38;0;0.3077462;0;0;3.403862;3.117906;15.2568
76;38;9.5;0.3077462;1;0;8.285012;8.192864;4.413392
77;39;0;0.7376179;0;0;3.05582;2.076575;13.11658
78;39;9.75;0.7376179;1;0;7.634184;6.647831;6.055522
79;40;0;0.8236889;0;0;3.300322;3.133236;12.46774
80;40;10;0.8236889;1;0;7.954311;7.671687;5.951243
81;41;0;0.1510007;0;0;3.832153;2.410686;10.58197
82;41;10.25;0.1510007;1;0;5.57452;5.879701;4.002814
83;42;0;0.4696248;0;0;3.097253;3.090844;13.95886
84;42;10.5;0.4696248;1;0;8.416663;7.871992;4.092083
85;43;0;0.0020029;0;0;2.627314;3.031182;12.13723
86;43;10.75;0.0020029;1;0;7.891826;6.939137;5.528877
87;44;0;0.0144347;0;0;1.729599;2.537629;12.9857
88;44;11;0.0144347;1;0;5.83182;7.883992;5.181007
89;45;0;0.6941469;0;0;3.553604;3.131968;12.52102
90;45;11.25;0.6941469;1;0;8.466125;7.732988;4.80339
91;46;0;0.852179;0;0;3.677608;5.318957;13.56077
92;46;11.5;0.852179;1;0;7.571041;9.264175;5.803162
93;47;0;0.0056025;0;0;1.29134;1.947423;13.03866
94;47;11.75;0.0056025;1;0;6.015059;7.945467;4.109458
95;48;0;0.9071899;0;0;5.033788;4.893775;15.07095
96;48;12;0.9071899;1;0;7.638714;9.22467;4.711816
97;49;0;0.7249729;0;0;3.468703;3.800283;14.43721
98;49;12.25;0.7249729;1;0;7.734144;6.983387;5.09116
99;50;0;0.5712246;0;0;3.695269;2.202087;12.91735
100;50;12.5;0.5712246;1;0;6.167467;8.603314;3.625775
101;51;0;0.9195586;0;0;4.883886;3.020348;14.32262
102;51;12.75;0.9195586;1;0;8.146278;8.639497;4.722434
103;52;0;0.7706733;0;0;4.815332;3.981838;14.14429
104;52;13;0.7706733;1;0;8.573907;9.732569;4.970204
105;53;0;0.7334226;0;0;3.45799;3.752332;13.09147
106;53;13.25;0.7334226;1;0;8.299024;8.385145;5.621549
107;54;0;0.2455066;0;0;2.080445;3.879122;13.37539
108;54;13.5;0.2455066;1;0;5.741904;7.724748;5.21041
109;55;0;0.4953358;0;0;1.475312;2.888795;14.97688
110;55;13.75;0.4953358;1;0;8.011231;6.918768;3.458708
111;56;0;0.5178836;0;0;2.910929;1.717854;14.41223
112;56;14;0.5178836;1;0;7.535184;7.382795;4.167276
113;57;0;0.5481144;0;0;3.216307;3.843891;12.64338
114;57;14.25;0.5481144;1;0;5.860358;7.522151;5.302206
115;58;0;0.0576977;0;0;0.4341874;2.707926;11.6433
116;58;14.5;0.0576977;1;0;8.486551;6.955077;4.703846
117;59;0;0.7038687;0;0;3.714009;3.039767;12.27693
118;59;14.75;0.7038687;1;0;7.220773;9.069046;4.140438
119;60;0;0.752891;0;0;2.452422;4.671214;15.63482
120;60;15;0.752891;1;0;8.668303;8.466766;3.911783
121;61;0;0.030877;0;0;3.372779;3.308083;13.52596
122;61;15.25;0.030877;1;0;4.454491;7.482096;5.715347
123;62;0;0.4321469;0;0;5.678769;2.734615;14.06888
124;62;15.5;0.4321469;1;0;6.152056;7.60319;4.716044
125;63;0;0.9808435;0;0;4.451686;4.625266;12.81618
126;63;15.75;0.9808435;1;0;7.338996;8.065604;5.870531
127;64;0;0.4620144;0;0;2.829298;3.314918;13.20485
128;64;16;0.4620144;1;0;4.28061;8.241703;3.755873
129;65;0;0.7492122;0;0;2.904107;2.936221;14.18591
130;65;16.25;0.7492122;1;0;6.051197;9.327795;6.3336
131;66;0;0.5206251;0;0;2.927953;2.622475;13.88039
132;66;16.5;0.5206251;1;0;8.326146;7.407431;6.076343
133;67;0;0.4512466;0;0;5.828325;3.939389;14.15301
134;67;16.75;0.4512466;1;0;6.530264;7.292061;4.898674
135;68;0;0.2925628;0;0;2.787463;2.716316;15.20092
136;68;17;0.2925628;1;0;6.565314;6.253266;4.347188
137;69;0;0.455635;0;0;3.424615;2.371315;13.64179
138;69;17.25;0.455635;1;0;6.723516;6.605036;3.963522
139;70;0;0.978832;0;0;2.348057;2.822416;15.29683
140;70;17.5;0.978832;1;0;6.854371;4.773905;4.540954
141;71;0;0.1962888;0;0;4.025856;4.532319;12.25523
142;71;17.75;0.1962888;1;0;5.286741;7.60764;3.2279
143;72;0;0.5030155;0;0;4.331855;3.312518;13.03741
144;72;18;0.5030155;1;0;6.63226;4.971317;5.477743
145;73;0;0.3907184;0;0;4.650509;2.959441;13.52202
146;73;18.25;0.3907184;1;0;7.344727;8.201749;4.779876
147;74;0;0.2675164;0;0;2.063014;1.860923;13.21974
148;74;18.5;0.2675164;1;0;6.465841;6.568254;4.42555
149;75;0;0.9978912;0;0;5.127959;2.75002;13.22206
150;75;18.75;0.9978912;1;0;5.984507;6.237657;5.899851
151;76;0;0.2783046;0;0;2.4915;3.751659;12.4751
152;76;19;0.2783046;1;0;8.484402;7.197959;4.604194
153;77;0;0.0777219;0;0;2.56514;1.950362;12.06016
154;77;19.25;0.0777219;1;0;5.515397;5.530255;3.774118
155;78;0;0.4942308;0;0;3.185899;4.83052;14.38467
156;78;19.5;0.4942308;1;0;8.524311;5.459649;4.048793
157;79;0;0.021649;0;0;4.299882;2.645784;11.86302
158;79;19.75;0.021649;1;0;7.045171;6.706886;3.411682
159;80;0;0.0965678;0;0;2.301685;2.642794;13.6954
160;80;20;0.0965678;1;0;6.919793;7.147008;4.014751
161;81;0;0.7798143;0;0;2.572916;2.603862;12.68757
162;81;20.25;0.7798143;1;0;4.515581;4.776274;4.760735
163;82;0;0.8607381;0;0;4.375449;4.3559;12.73769
164;82;20.5;0.8607381;1;0;6.686902;4.871738;5.3447
165;83;0;0.3668239;0;0;2.58058;3.448914;13.8059
166;83;20.75;0.3668239;1;0;5.102325;3.155155;4.999355
167;84;0;0.0742468;0;0;5.081189;3.477097;14.21338
168;84;21;0.0742468;1;0;4.621115;2.636349;3.066461
169;85;0;0.6984289;0;0;4.677418;3.175733;14.53264
170;85;21.25;0.6984289;1;0;4.726511;3.80592;4.252409
171;86;0;0.6384845;0;0;3.169254;3.390446;13.09416
172;86;21.5;0.6384845;1;0;3.917762;3.661136;3.858883
173;87;0;0.618688;0;0;3.819281;1.951027;14.1124
174;87;21.75;0.618688;1;0;5.460686;3.898842;2.971473
175;88;0;0.3572945;0;0;2.357745;3.584122;13.58109
176;88;22;0.3572945;1;0;4.950997;4.882766;4.256166
177;89;0;0.9691408;0;0;4.631689;4.474965;14.93605
178;89;22.25;0.9691408;1;0;3.562216;6.204082;3.213511
179;90;0;0.2354345;0;0;3.786832;3.343366;11.53315
180;90;22.5;0.2354345;1;0;6.278481;5.858815;4.639921
181;91;0;0.3914285;0;0;3.319049;4.451181;15.04188
182;91;22.75;0.3914285;1;0;4.938612;4.989758;4.680871
183;92;0;0.4971842;0;0;2.596699;5.41048;14.5946
184;92;23;0.4971842;1;0;5.821019;2.054478;4.318677
185;93;0;0.3469353;0;0;3.668301;3.378716;11.36517
186;93;23.25;0.3469353;1;0;6.773975;4.781071;3.648235
187;94;0;0.245263;0;0;2.777586;3.153718;14.12926
188;94;23.5;0.245263;1;0;6.41743;3.883605;4.297951
189;95;0;0.4242265;0;0;2.820265;3.121554;13.15437
190;95;23.75;0.4242265;1;0;3.459847;4.966734;5.082016
191;96;0;0.1374019;0;0;3.728832;3.294714;12.8955
192;96;24;0.1374019;1;0;4.233041;1.729774;4.087508
193;97;0;0.0930018;0;0;3.198922;2.43664;13.96371
194;97;24.25;0.0930018;1;0;5.249375;2.903312;2.688116
195;98;0;0.9874507;0;0;3.452784;3.704018;12.35135
196;98;24.5;0.9874507;1;0;6.259108;5.69949;5.248802
197;99;0;0.8666475;0;0;3.779275;3.148487;12.53489
198;99;24.75;0.8666475;1;0;6.26215;5.27475;6.179154
199;100;0;0.4611785;0;0;1.869333;2.633387;14.58128
200;100;25;0.4611785;1;0;5.476223;3.638765;3.935356
201;101;0;0.7324944;0;0;4.081497;2.964378;12.05647
202;101;25.25;0.7324944;1;0;3.977834;5.862484;5.474006
203;102;0;0.7010029;0;0;5.059293;2.920972;14.31136
204;102;25.5;0.7010029;1;0;4.352176;4.407548;5.396164
205;103;0;0.2372839;0;0;3.813555;4.034025;11.84719
206;103;25.75;0.2372839;1;0;4.150243;4.551262;3.91411
207;104;0;0.1935019;0;0;4.502982;4.020589;12.99607
208;104;26;0.1935019;1;0;3.390643;5.307553;3.695999
209;105;0;0.2999541;0;0;4.273996;1.808489;12.78297
210;105;26.25;0.2999541;1;0;4.905403;5.618804;3.408487
211;106;0;0.5866803;0;0;4.579489;3.021498;13.82337
212;106;26.5;0.5866803;1;0;4.289656;5.079839;4.389198
213;107;0;0.2110834;0;0;2.126028;2.1319;13.57713
214;107;26.75;0.2110834;1;0;3.519182;4.030917;4.042617
215;108;0;0.7077263;0;0;3.459358;2.805307;13.64311
216;108;27;0.7077263;1;0;4.546618;4.579886;5.836672
217;109;0;0.8994074;0;0;3.976177;3.478725;15.11611
218;109;27.25;0.8994074;1;0;5.059493;4.988988;4.388895
219;110;0;0.3720139;0;0;6.01225;3.538261;12.65209
220;110;27.5;0.3720139;1;0;4.712519;5.872391;4.04537
221;111;0;0.4779894;0;0;3.490334;3.477804;11.6395
222;111;27.75;0.4779894;1;0;5.296402;5.607013;5.058046
223;112;0;0.718735;0;0;4.862381;3.846816;14.12057
224;112;28;0.718735;1;0;5.20835;3.464637;5.442988
225;113;0;0.2780187;0;0;3.723724;5.123707;15.68376
226;113;28.25;0.2780187;1;0;4.743346;4.636672;3.391812
227;114;0;0.425071;0;0;3.326631;4.758494;12.96706
228;114;28.5;0.425071;1;0;5.527074;3.523255;4.947861
229;115;0;0.2604935;0;0;3.351899;1.79479;12.19843
230;115;28.75;0.2604935;1;0;2.455492;2.903471;5.188061
231;116;0;0.1140656;0;0;3.90017;4.27456;12.42864
232;116;29;0.1140656;1;0;4.099272;3.378992;3.476258
233;117;0;0.9583265;0;0;5.165445;4.472561;12.68197
234;117;29.25;0.9583265;1;0;6.070044;3.686242;3.743083
235;118;0;0.1168106;0;0;2.478851;2.95426;15.59041
236;118;29.5;0.1168106;1;0;3.909407;4.790623;5.240956
237;119;0;0.0713729;0;0;3.051396;2.531927;12.25559
238;119;29.75;0.0713729;1;0;4.260079;6.476633;5.433823
239;120;0;0.771319;0;0;4.058326;4.335116;13.85429
240;120;30;0.771319;1;0;6.329625;4.972732;4.942445
241;121;0;0.2857065;0;0;2.74669;3.932173;12.51839
242;121;30.25;0.2857065;1;0;3.974613;5.57207;4.14095
243;122;0;0.1011491;0;0;3.685739;2.973214;14.24064
244;122;30.5;0.1011491;1;0;3.520842;3.6992;4.608636
245;123;0;0.8787007;0;0;4.545029;2.719619;15.08805
246;123;30.75;0.8787007;1;0;4.760967;6.489918;5.069838
247;124;0;0.8606239;0;0;3.348325;2.875753;15.15935
248;124;31;0.8606239;1;0;4.267512;6.866717;3.951076
249;125;0;0.405171;0;0;4.924444;3.821026;13.60574
250;125;31.25;0.405171;1;0;4.797077;2.755043;4.499908
251;126;0;0.9170429;0;0;4.244196;3.773867;15.46444
252;126;31.5;0.9170429;1;0;3.629518;2.411574;3.568841
253;127;0;0.3179903;0;0;4.49867;3.580015;12.62016
254;127;31.75;0.3179903;1;0;5.068902;5.027617;3.932109
255;128;0;0.1481902;0;0;3.161232;1.820431;12.56263
256;128;32;0.1481902;1;0;3.184386;3.385092;3.646547
257;129;0;0.9180853;0;0;2.325723;4.476941;13.52584
258;129;32.25;0.9180853;1;0;4.311854;2.945117;5.405208
259;130;0;0.2949594;0;0;2.771108;3.685054;15.26827
260;130;32.5;0.2949594;1;0;4.356184;5.29079;3.866876
261;131;0;0.2459989;0;0;3.671401;2.441388;13.09856
262;131;32.75;0.2459989;1;0;3.59223;3.675473;4.400458
263;132;0;0.1044471;0;0;4.040043;3.300901;12.76305
264;132;33;0.1044471;1;0;3.68983;6.437765;2.802181
265;133;0;0.2719368;0;0;4.748806;4.199518;12.67911
266;133;33.25;0.2719368;1;0;2.598693;4.804064;2.862924
267;134;0;0.6681672;0;0;4.245945;2.547093;13.65842
268;134;33.5;0.6681672;1;0;3.792691;3.878985;4.123764
269;135;0;0.9089991;0;0;3.524997;4.242836;14.28356
270;135;33.75;0.9089991;1;0;5.339907;7.08862;4.027572
271;136;0;0.9919305;0;0;3.785031;5.284094;15.01351
272;136;34;0.9919305;1;0;5.674713;4.580036;5.854747
273;137;0;0.9436617;0;0;4.118585;4.513159;13.26112
274;137;34.25;0.9436617;1;0;4.862513;5.201082;4.824048
275;138;0;0.9170586;0;0;2.977901;3.620003;13.34665
276;138;34.5;0.9170586;1;0;4.918064;3.727504;5.38473
277;139;0;0.4964904;0;0;3.606329;3.406233;13.54949
278;139;34.75;0.4964904;1;0;4.704196;4.619792;5.230795
279;140;0;0.2547438;0;0;3.524238;2.54566;13.88992
280;140;35;0.2547438;1;0;2.596935;3.703249;3.361416
281;141;0;0.4938027;0;0;3.069367;3.206327;12.88557
282;141;35.25;0.4938027;1;0;2.578858;3.991546;4.580742
283;142;0;0.3814173;0;0;3.450513;5.447804;14.32925
284;142;35.5;0.3814173;1;0;3.763306;2.798202;3.460325
285;143;0;0.8825259;0;0;3.794444;3.148389;12.2859
286;143;35.75;0.8825259;1;0;3.756791;4.815384;4.456771
287;144;0;0.1705914;0;0;3.867071;3.804285;12.56549
288;144;36;0.1705914;1;0;4.107441;4.328144;4.952086
289;145;0;0.353161;0;0;3.571066;2.944374;13.25316
290;145;36.25;0.353161;1;0;7.201514;6.440378;4.869947
291;146;0;0.5181556;0;0;5.193933;4.407411;12.8805
292;146;36.5;0.5181556;1;0;6.092619;4.97979;4.921551
293;147;0;0.2009741;0;0;4.411986;3.022264;12.85875
294;147;36.75;0.2009741;1;0;3.326201;4.024864;4.174179
295;148;0;0.6435347;0;0;4.115901;4.098689;12.68787
296;148;37;0.6435347;1;0;6.482045;5.15239;4.83312
297;149;0;0.1044357;0;0;3.663263;6.17767;13.41729
298;149;37.25;0.1044357;1;0;4.509965;2.581722;4.84514
299;150;0;0.8560691;0;0;4.59408;2.732695;12.22664
300;150;37.5;0.8560691;1;0;5.884381;4.906483;6.5101
301;151;0;0.3646806;0;0;5.786221;4.314185;11.94683
302;151;37.75;0.3646806;1;0;3.990227;4.269094;4.379405
303;152;0;0.3434409;0;0;3.451756;2.599209;14.39086
304;152;38;0.3434409;1;0;5.732438;3.700923;3.366391
305;153;0;0.7490333;0;0;3.180823;3.079046;13.41034
306;153;38.25;0.7490333;1;0;3.32422;4.000705;3.155646
307;154;0;0.090753;0;0;3.045486;3.763018;13.2004
308;154;38.5;0.090753;1;0;4.524044;2.103091;4.18706
309;155;0;0.6429313;0;0;3.818768;4.207193;14.81335
310;155;38.75;0.6429313;1;0;5.362634;4.504011;4.161924
311;156;0;0.9826771;0;0;3.765666;3.955424;12.09428
312;156;39;0.9826771;1;0;6.48779;4.305242;5.264578
313;157;0;0.1232692;0;0;3.889276;1.818608;13.06798
314;157;39.25;0.1232692;1;0;3.254669;3.357678;3.797816
315;158;0;0.0302329;0;0;2.566406;3.356996;10.56802
316;158;39.5;0.0302329;1;0;4.247913;3.225214;3.639285
317;159;0;0.282013;0;0;3.594601;4.180702;14.8365
318;159;39.75;0.282013;1;0;2.953486;4.530834;3.976584
319;160;0;0.9819692;0;0;4.591389;3.720615;13.33089
320;160;40;0.9819692;1;0;4.627525;4.34766;5.848168
321;161;0;0.7154338;0;0;4.269292;4.290377;15.29268
322;161;40.25;0.7154338;1;0;4.43367;4.940087;5.45864
323;162;0;0.0375955;0;0;2.788609;1.393919;13.68904
324;162;40.5;0.0375955;1;0;2.933816;4.440972;2.896616
325;163;0;0.2264156;0;0;2.267854;1.974872;14.143
326;163;40.75;0.2264156;1;0;4.960179;4.227754;5.180662
327;164;0;0.0633757;0;0;2.677293;2.147459;13.84817
328;164;41;0.0633757;1;0;4.709178;5.060846;3.61271
329;165;0;0.2958234;0;0;3.018425;2.95693;14.77914
330;165;41.25;0.2958234;1;0;4.634988;5.29634;4.416544
331;166;0;0.7648182;0;0;5.555668;3.127918;13.91217
332;166;41.5;0.7648182;1;0;5.801593;6.169969;4.518566
333;167;0;0.2793505;0;0;2.32869;2.338555;11.24252
334;167;41.75;0.2793505;1;0;5.177012;4.836082;4.807808
335;168;0;0.9775715;0;0;4.061703;4.902933;14.11736
336;168;42;0.9775715;1;0;5.452143;5.245687;5.269443
337;169;0;0.6256275;0;0;2.486794;5.254483;14.51528
338;169;42.25;0.6256275;1;0;5.914259;4.680121;5.553682
339;170;0;0.1660986;0;0;3.87819;3.000237;15.04792
340;170;42.5;0.1660986;1;0;3.810384;2.538544;3.643318
341;171;0;0.0578667;0;0;2.527137;3.797565;12.73415
342;171;42.75;0.0578667;1;0;3.822778;3.812057;4.665071
343;172;0;0.0931769;0;0;2.512016;3.212737;12.32491
344;172;43;0.0931769;1;0;5.524479;3.186274;5.775193
345;173;0;0.5878902;0;0;3.440517;3.612312;14.38949
346;173;43.25;0.5878902;1;0;3.529853;6.6175;5.364702
347;174;0;0.8404516;0;0;4.595407;4.13877;14.60397
348;174;43.5;0.8404516;1;0;4.270761;4.955906;5.414115
349;175;0;0.8799309;0;0;2.880973;4.378065;12.86196
350;175;43.75;0.8799309;1;0;6.258953;5.957833;4.837922
351;176;0;0.3090326;0;0;4.470159;3.346795;14.38466
352;176;44;0.3090326;1;0;4.479645;5.240556;5.432788
353;177;0;0.9266593;0;0;4.385028;3.826332;13.40354
354;177;44.25;0.9266593;1;0;5.468517;6.453613;3.726453
355;178;0;0.2899323;0;0;3.413728;3.137965;13.89016
356;178;44.5;0.2899323;1;0;6.533023;3.886002;6.230603
357;179;0;0.3392218;0;0;1.403125;4.325184;12.25412
358;179;44.75;0.3392218;1;0;3.006222;4.401721;4.982682
359;180;0;0.20548;0;0;4.319805;4.128025;14.51424
360;180;45;0.20548;1;0;4.562848;3.417321;4.906963
361;181;0;0.0597193;0;0;4.426746;2.387697;13.64695
362;181;45.25;0.0597193;1;0;4.375094;3.959499;3.298887
363;182;0;0.9662013;0;0;2.918988;3.450095;12.15466
364;182;45.5;0.9662013;1;0;5.573889;3.238007;3.34933
365;183;0;0.4394066;0;0;3.49895;2.527267;13.37187
366;183;45.75;0.4394066;1;0;3.684677;4.560162;3.515804
367;184;0;0.3305188;0;0;3.707278;1.356138;13.66435
368;184;46;0.3305188;1;0;5.306875;4.223374;4.582925
369;185;0;0.1562956;0;0;4.161459;3.895496;13.7719
370;185;46.25;0.1562956;1;0;3.669505;2.767543;3.676846
371;186;0;0.2023621;0;0;3.393174;2.36167;12.62057
372;186;46.5;0.2023621;1;0;4.323833;4.057683;4.75983
373;187;0;0.9176441;0;0;5.372386;6.210292;14.38503
374;187;46.75;0.9176441;1;0;5.145351;3.30546;5.771852
375;188;0;0.7478201;0;0;2.643903;3.530831;13.5806
376;188;47;0.7478201;1;0;5.694948;5.381956;5.207053
377;189;0;0.0399875;0;0;4.129183;2.946284;11.27656
378;189;47.25;0.0399875;1;0;4.291481;3.840204;3.491207
379;190;0;0.327087;0;0;2.699695;3.565452;13.87504
380;190;47.5;0.327087;1;0;4.20774;4.499623;4.885989
381;191;0;0.2507071;0;0;2.711252;3.622922;16.42098
382;191;47.75;0.2507071;1;0;5.21783;3.193811;4.939054
383;192;0;0.7672552;0;0;3.681756;4.137011;14.91033
384;192;48;0.7672552;1;0;4.788783;3.841806;5.059795
385;193;0;0.6447513;0;0;2.405627;3.414456;13.20894
386;193;48.25;0.6447513;1;0;4.691145;3.376914;3.621212
387;194;0;0.8047926;0;0;3.58528;2.810005;14.43766
388;194;48.5;0.8047926;1;0;5.276427;5.090809;5.305027
389;195;0;0.5872572;0;0;5.842415;4.13495;14.07104
390;195;48.75;0.5872572;1;0;4.569219;4.636176;5.554852
391;196;0;0.0306244;0;0;2.710516;3.759907;12.76245
392;196;49;0.0306244;1;0;5.858816;3.695579;3.079286
393;197;0;0.5950808;0;0;4.081112;3.538663;13.00088
394;197;49.25;0.5950808;1;0;4.95578;2.311801;4.428581
395;198;0;0.5992701;0;0;2.542282;3.775605;13.6109
396;198;49.5;0.5992701;1;0;3.797049;4.686991;5.493219
397;199;0;0.8169493;0;0;5.286722;3.645955;13.49591
398;199;49.75;0.8169493;1;0;5.533273;4.24464;3.601203
399;200;0;0.179966;0;0;3.117806;2.14233;15.22777
400;200;50;0.179966;1;0;5.629352;3.122153;4.521641
401;201;0;0.6866937;0;0;4.62577;3.339234;11.57554
402;201;50.25;0.6866937;1;0;4.52918;4.799086;4.828675
403;202;0;0.6144968;0;0;2.87506;4.353212;14.97235
404;202;50.5;0.6144968;1;0;4.517324;3.707271;4.712151
405;203;0;0.1580775;0;0;4.040676;4.10692;12.60087
406;203;50.75;0.1580775;1;0;4.466558;3.218434;3.349232
407;204;0;0.8867458;0;0;4.091211;4.070032;14.27247
408;204;51;0.8867458;1;0;4.874469;5.469961;4.122735
409;205;0;0.7581798;0;0;3.86541;1.883706;13.11186
410;205;51.25;0.7581798;1;0;4.920167;2.602585;5.036178
411;206;0;0.1552511;0;0;3.131715;2.657165;13.69421
412;206;51.5;0.1552511;1;0;4.150364;4.357143;5.238563
413;207;0;0.3064979;0;0;4.254182;2.983974;11.14572
414;207;51.75;0.3064979;1;0;4.717212;6.165245;6.107314
415;208;0;0.1733334;0;0;3.357449;1.926821;12.64602
416;208;52;0.1733334;1;0;4.429093;4.51846;3.852345
417;209;0;0.7404976;0;0;4.084334;2.688179;12.94371
418;209;52.25;0.7404976;1;0;3.767638;6.196913;3.059878
419;210;0;0.4797959;0;0;3.366407;2.21501;13.74111
420;210;52.5;0.4797959;1;0;3.281793;5.803126;5.721842
421;211;0;0.2508335;0;0;3.941806;4.297152;14.49137
422;211;52.75;0.2508335;1;0;4.634786;3.583611;6.190079
423;212;0;0.2811996;0;0;4.942534;4.808208;13.41372
424;212;53;0.2811996;1;0;5.429748;2.706604;4.590562
425;213;0;0.1033671;0;0;2.528231;3.623608;12.49108
426;213;53.25;0.1033671;1;0;3.634525;3.707911;6.081844
427;214;0;0.5586053;0;0;3.047464;2.330798;11.46018
428;214;53.5;0.5586053;1;0;5.240663;5.973261;4.866014
429;215;0;0.8878349;0;0;3.973051;5.456089;14.7089
430;215;53.75;0.8878349;1;0;3.739016;5.187265;4.706309
431;216;0;0.1427446;0;0;3.155549;3.331425;14.45108
432;216;54;0.1427446;1;0;2.424296;3.707576;5.618094
433;217;0;0.0010759;0;0;2.323198;1.642114;14.44373
434;217;54.25;0.0010759;1;0;2.362259;4.549277;5.453513
435;218;0;0.2940221;0;0;2.959701;2.986922;14.06886
436;218;54.5;0.2940221;1;0;4.416692;5.055672;2.244659
437;219;0;0.1550368;0;0;3.577151;3.274499;12.88816
438;219;54.75;0.1550368;1;0;3.385065;4.109622;4.112236
439;220;0;0.8549063;0;0;2.93692;2.286458;13.07325
440;220;55;0.8549063;1;0;3.79923;4.035135;3.531322
441;221;0;0.8364007;0;0;2.970185;1.990291;12.68981
442;221;55.25;0.8364007;1;0;4.662056;4.638235;3.732696
443;222;0;0.6844344;0;0;3.605072;3.225987;14.36954
444;222;55.5;0.6844344;1;0;4.994;4.639481;4.459872
445;223;0;0.3239676;0;0;2.895696;3.504224;11.48416
446;223;55.75;0.3239676;1;0;4.948689;4.496419;4.542634
447;224;0;0.8724006;0;0;4.082351;3.69847;12.79261
448;224;56;0.8724006;1;0;5.508442;4.808987;4.227197
449;225;0;0.2590967;0;0;3.724952;3.68055;11.7661
450;225;56.25;0.2590967;1;0;4.180511;5.821469;5.032425
451;226;0;0.2304685;0;0;3.588377;3.466227;14.28878
452;226;56.5;0.2304685;1;0;3.463408;3.633663;5.086467
453;227;0;0.6859583;0;0;5.163713;3.043574;12.85608
454;227;56.75;0.6859583;1;0;5.330638;5.220186;3.518743
455;228;0;0.5693767;0;0;4.168729;4.834686;13.61835
456;228;57;0.5693767;1;0;4.501199;5.174248;5.381241
457;229;0;0.4939319;0;0;2.484522;3.330951;12.3889
458;229;57.25;0.4939319;1;0;7.33741;7.18619;3.556424
459;230;0;0.1987299;0;0;5.421731;4.624757;12.68052
460;230;57.5;0.1987299;1;0;4.66608;2.429778;5.379821
461;231;0;0.7046654;0;0;3.535576;3.763083;14.17088
462;231;57.75;0.7046654;1;0;5.740026;4.91958;5.122139
463;232;0;0.8445964;0;0;4.081836;3.949855;15.35474
464;232;58;0.8445964;1;0;4.742722;4.05825;4.73506
465;233;0;0.8434864;0;0;3.920592;4.654566;15.10788
466;233;58.25;0.8434864;1;0;4.089303;2.825649;5.165458
467;234;0;0.2087815;0;0;2.864684;2.409018;11.42827
468;234;58.5;0.2087815;1;0;3.914004;4.851776;3.013676
469;235;0;0.1364494;0;0;3.810671;3.199119;13.8037
470;235;58.75;0.1364494;1;0;5.292211;3.739313;4.55067
471;236;0;0.7793735;0;0;4.247739;1.975222;14.97872
472;236;59;0.7793735;1;0;4.514704;6.206254;6.132925
473;237;0;0.703712;0;0;2.214624;5.216107;15.11549
474;237;59.25;0.703712;1;0;3.965152;4.842527;4.123812
475;238;0;0.7910891;0;0;2.395205;4.339898;15.67832
476;238;59.5;0.7910891;1;0;3.506986;6.503634;5.643804
477;239;0;0.3118543;0;0;2.641975;3.566989;12.66926
478;239;59.75;0.3118543;1;0;1.332972;5.246822;5.785981
479;240;0;0.4839085;0;0;4.619267;3.730054;13.35262
480;240;60;0.4839085;1;0;5.86886;4.92627;4.619582
481;241;0;0.7982362;0;0;4.032275;1.898559;13.65015
482;241;60.25;0.7982362;1;0;3.904947;3.523638;4.775414
483;242;0;0.6065861;0;0;2.631629;3.167186;11.7705
484;242;60.5;0.6065861;1;0;3.894892;5.491097;4.775005
485;243;0;0.8236436;0;0;3.519644;3.025657;13.09566
486;243;60.75;0.8236436;1;0;5.063033;3.990658;4.701334
487;244;0;0.7351444;0;0;3.162228;3.364032;11.4107
488;244;61;0.7351444;1;0;4.547398;3.948733;4.217891
489;245;0;0.6487631;0;0;3.578805;1.787035;13.28526
490;245;61.25;0.6487631;1;0;4.888616;5.482992;4.371692
491;246;0;0.6104915;0;0;3.708249;2.315663;12.26254
492;246;61.5;0.6104915;1;0;5.448579;4.101968;4.295491
493;247;0;0.1072675;0;0;2.224549;2.460035;12.06938
494;247;61.75;0.1072675;1;0;5.228815;4.567074;3.497028
495;248;0;0.7570807;0;0;3.309938;2.071078;11.59087
496;248;62;0.7570807;1;0;2.986716;4.891614;3.881823
497;249;0;0.7989932;0;0;3.075711;2.199481;11.87518
498;249;62.25;0.7989932;1;0;5.184087;3.534661;3.415908
499;250;0;0.2620534;0;0;4.060286;3.411456;13.24284
500;250;62.5;0.2620534;1;0;3.187177;3.556082;3.921423
501;251;0;0.3049795;0;0;3.871789;3.184183;14.19279
502;251;62.75;0.3049795;1;0;3.98757;3.2672;4.910542
503;252;0;0.345953;0;0;3.16296;3.209364;12.64058
504;252;63;0.345953;1;0;4.237298;4.444779;4.411543
505;253;0;0.3250146;0;0;2.634714;3.223339;15.23322
506;253;63.25;0.3250146;1;0;5.114694;4.607399;4.59638
507;254;0;0.5309047;0;0;3.184561;4.414271;13.24582
508;254;63.5;0.5309047;1;0;3.115609;2.908678;4.643564
509;255;0;0.4321771;0;0;4.374217;3.383358;13.76007
510;255;63.75;0.4321771;1;0;3.54723;5.301715;5.705992
511;256;0;0.2633162;0;0;2.557303;2.614578;14.23525
512;256;64;0.2633162;1;0;5.185902;4.343109;4.790305
513;257;0;0.5134152;0;0;4.192226;2.758348;13.631
514;257;64.25;0.5134152;1;0;5.279277;2.333691;2.270781
515;258;0;0.1025671;0;0;4.133512;5.258749;13.73078
516;258;64.5;0.1025671;1;0;4.398356;4.549196;5.260978
517;259;0;0.6545206;0;0;5.090754;4.506338;13.45931
518;259;64.75;0.6545206;1;0;4.561966;4.390067;4.83643
519;260;0;0.5145494;0;0;4.005888;2.783035;14.13811
520;260;65;0.5145494;1;0;2.645259;5.288754;4.681256
521;261;0;0.0881469;0;0;2.378172;1.477395;12.53878
522;261;65.25;0.0881469;1;0;3.451478;4.064498;4.033534
523;262;0;0.180849;0;0;3.191865;3.065533;13.06936
524;262;65.5;0.180849;1;0;4.742961;3.05005;4.040674
525;263;0;0.6785119;0;0;2.884261;3.93138;15.27855
526;263;65.75;0.6785119;1;0;4.337297;3.322361;2.919692
527;264;0;0.1867839;0;0;4.172887;2.988545;13.29443
528;264;66;0.1867839;1;0;2.991746;4.13825;4.72946
529;265;0;0.2063256;0;0;0.7537899;3.725742;14.92788
530;265;66.25;0.2063256;1;0;5.703845;3.962907;4.822233
531;266;0;0.686727;0;0;3.575136;2.616084;13.88712
532;266;66.5;0.686727;1;0;3.326155;5.065575;4.976429
533;267;0;0.0824619;0;0;3.417009;2.124917;12.39784
534;267;66.75;0.0824619;1;0;3.54904;5.325605;2.72743
535;268;0;0.9037961;0;0;2.191756;3.055477;12.69988
536;268;67;0.9037961;1;0;5.725025;5.192602;5.312726
537;269;0;0.0960611;0;0;3.172286;4.085928;12.75768
538;269;67.25;0.0960611;1;0;5.449582;2.505211;5.172223
539;270;0;0.245437;0;0;5.342151;4.261637;12.44718
540;270;67.5;0.245437;1;0;3.94523;6.845995;5.344058
541;271;0;0.9629608;0;0;3.890064;2.838282;13.52888
542;271;67.75;0.9629608;1;0;5.511845;6.021059;4.248462
543;272;0;0.5739383;0;0;4.499156;2.07041;14.855
544;272;68;0.5739383;1;0;4.389315;5.327419;4.520032
545;273;0;0.622366;0;0;4.550609;3.847653;12.83263
546;273;68.25;0.622366;1;0;4.327007;3.290404;5.675517
547;274;0;0.0782242;0;0;2.212466;3.624329;12.80065
548;274;68.5;0.0782242;1;0;4.38218;3.412502;5.142973
549;275;0;0.1805314;0;0;4.567515;1.498984;13.57654
550;275;68.75;0.1805314;1;0;5.053598;4.975996;4.311249
551;276;0;0.9940172;0;0;4.919266;5.509433;12.86043
552;276;69;0.9940172;1;0;2.696247;5.480382;6.109012
553;277;0;0.4757551;0;0;3.825881;2.134578;11.16765
554;277;69.25;0.4757551;1;0;3.298353;4.162798;3.999988
555;278;0;0.1550486;0;0;3.152369;1.227819;13.09734
556;278;69.5;0.1550486;1;0;4.461845;2.180974;4.802448
557;279;0;0.7797101;0;0;1.793069;2.279988;12.194
558;279;69.75;0.7797101;1;0;2.965114;3.928638;4.592736
559;280;0;0.9489815;0;0;3.521558;2.890227;12.8983
560;280;70;0.9489815;1;0;5.920115;4.608152;4.106898
561;281;0;0.9160162;0;0;5.566639;3.319439;14.3666
562;281;70.25;0.9160162;1;0;4.619128;4.559631;4.816154
563;282;0;0.5879689;0;0;3.039426;3.027398;15.36391
564;282;70.5;0.5879689;1;0;4.044244;5.64307;3.570202
565;283;0;0.1292263;0;0;1.430472;3.224095;12.81458
566;283;70.75;0.1292263;1;0;3.899166;3.695884;4.754317
567;284;0;0.901045;0;0;3.780284;2.286367;13.62565
568;284;71;0.901045;1;0;6.734169;5.034085;4.988569
569;285;0;0.9798003;0;0;3.853545;5.148002;14.28995
570;285;71.25;0.9798003;1;0;5.684777;5.582792;3.657922
571;286;0;0.6368489;0;0;4.310179;2.327456;13.4352
572;286;71.5;0.6368489;1;0;5.291381;3.679022;4.653384
573;287;0;0.108537;0;0;2.755549;4.307516;12.70926
574;287;71.75;0.108537;1;0;1.328615;4.308958;6.649677
575;288;0;0.4261795;0;0;7.727168;1.650423;13.63109
576;288;72;0.4261795;1;0;4.277273;4.565609;4.474582
577;289;0;0.6282385;0;0;6.356325;3.443529;14.33078
578;289;72.25;0.6282385;1;0;3.837689;5.004564;4.925958
579;290;0;0.7751899;0;0;2.775348;4.83054;13.01406
580;290;72.5;0.7751899;1;0;3.305519;4.717865;5.430056
581;291;0;0.6601258;0;0;3.3178;2.7233;13.05972
582;291;72.75;0.6601258;1;0;5.012011;4.227687;5.628669
583;292;0;0.7805057;0;0;4.147142;3.219086;13.76693
584;292;73;0.7805057;1;0;3.585541;6.305933;4.088661
585;293;0;0.6610699;0;0;4.492253;4.556684;12.32901
586;293;73.25;0.6610699;1;0;4.473605;3.370595;3.389918
587;294;0;0.2557223;0;0;2.968757;2.88984;13.78505
588;294;73.5;0.2557223;1;0;2.532219;4.417517;4.94915
589;295;0;0.46615;0;0;2.383393;3.883042;13.81164
590;295;73.75;0.46615;1;0;3.956315;4.531844;5.190481
591;296;0;0.9514045;0;0;4.261021;2.029172;14.70463
592;296;74;0.9514045;1;0;5.60486;3.559788;5.84279
593;297;0;0.1712821;0;0;1.907117;4.020145;14.67533
594;297;74.25;0.1712821;1;0;3.848184;4.52104;4.261992
595;298;0;0.3126561;0;0;5.107563;3.467046;15.64629
596;298;74.5;0.3126561;1;0;6.279163;4.569981;4.798583
597;299;0;0.4903688;0;0;2.256551;3.510697;12.38984
598;299;74.75;0.4903688;1;0;5.196643;4.651611;3.956263
599;300;0;0.199162;0;0;3.001583;3.441283;12.34519
600;300;75;0.199162;1;0;3.686003;6.227319;4.230092
601;301;0;0.6595582;0;0;2.725644;2.892305;12.38614
602;301;75.25;0.6595582;1;0;5.07936;3.647813;4.862949
603;302;0;0.4621169;0;0;2.243448;3.280839;13.55006
604;302;75.5;0.4621169;1;0;3.982704;4.115787;3.972531
605;303;0;0.2583852;0;0;3.755072;3.354793;10.93635
606;303;75.75;0.2583852;1;0;3.24908;3.960799;2.530676
607;304;0;0.3584596;0;0;3.265469;4.334197;10.62146
608;304;76;0.3584596;1;0;3.609188;4.961458;4.441673
609;305;0;0.409732;0;0;4.194694;5.055551;14.24706
610;305;76.25;0.409732;1;0;5.391445;2.944488;4.866242
611;306;0;0.3192282;0;0;1.832661;2.062332;13.23083
612;306;76.5;0.3192282;1;0;4.051618;3.070104;4.9887
613;307;0;0.3584588;0;0;3.88272;3.912901;12.32139
614;307;76.75;0.3584588;1;0;4.02296;5.153502;4.575999
615;308;0;0.1406579;0;0;3.254362;3.386601;13.17353
616;308;77;0.1406579;1;0;4.860196;4.306961;2.633169
617;309;0;0.7278612;0;0;3.777209;5.692449;14.36986
618;309;77.25;0.7278612;1;0;3.426069;7.338388;4.633318
619;310;0;0.1222569;0;0;3.464819;2.067497;13.21788
620;310;77.5;0.1222569;1;0;5.267747;4.272525;3.901429
621;311;0;0.123388;0;0;1.681693;1.904013;12.01764
622;311;77.75;0.123388;1;0;3.766247;3.128369;4.239001
623;312;0;0.2979656;0;0;2.619646;3.379017;12.45352
624;312;78;0.2979656;1;0;2.571848;5.127653;5.243918
625;313;0;0.8484085;0;0;3.606187;4.911271;14.02801
626;313;78.25;0.8484085;1;0;3.826056;7.554475;3.608293
627;314;0;0.141464;0;0;3.320129;1.142964;11.63209
628;314;78.5;0.141464;1;0;4.413082;3.082447;3.956568
629;315;0;0.428794;0;0;2.544813;1.408663;13.17601
630;315;78.75;0.428794;1;0;3.909048;3.195035;4.855017
631;316;0;0.6734959;0;0;5.32063;3.041029;14.21092
632;316;79;0.6734959;1;0;3.498402;3.681931;4.911888
633;317;0;0.6189006;0;0;3.668494;3.744073;12.49922
634;317;79.25;0.6189006;1;0;5.374937;3.736678;3.387887
635;318;0;0.9310793;0;0;3.528547;2.892667;14.87294
636;318;79.5;0.9310793;1;0;5.561991;3.187844;4.759628
637;319;0;0.1967958;0;0;3.289469;1.545751;13.18005
638;319;79.75;0.1967958;1;0;2.934986;4.233706;6.616762
639;320;0;0.6781842;0;0;5.007946;4.638103;12.20233
640;320;80;0.6781842;1;0;4.355347;3.531499;3.506622
641;321;0;0.7921624;0;0;4.264123;3.518735;15.34376
642;321;80.25;0.7921624;1;0;6.600569;4.730916;5.361476
643;322;0;0.8877445;0;0;5.215134;4.688819;14.3546
644;322;80.5;0.8877445;1;0;5.537667;5.401631;6.39756
645;323;0;0.6690091;0;0;3.265162;1.308649;12.59307
646;323;80.75;0.6690091;1;0;4.567197;4.73541;5.620873
647;324;0;0.9679816;0;0;4.040709;4.183179;14.41245
648;324;81;0.9679816;1;0;5.322853;4.615389;4.035737
649;325;0;0.1615943;0;0;4.063231;2.584249;12.4836
650;325;81.25;0.1615943;1;0;5.74738;5.374105;4.231103
651;326;0;0.191397;0;0;3.566152;2.641507;12.27931
652;326;81.5;0.191397;1;0;1.357748;3.993702;5.54674
653;327;0;0.5359368;0;0;2.336082;4.490258;13.28413
654;327;81.75;0.5359368;1;0;3.744915;3.138703;4.503323
655;328;0;0.1329083;0;0;3.336406;3.004096;13.90846
656;328;82;0.1329083;1;0;3.621557;5.24432;3.563462
657;329;0;0.7528986;0;0;4.658591;1.643284;14.21478
658;329;82.25;0.7528986;1;0;5.188361;5.356244;5.62139
659;330;0;0.4183833;0;0;2.786628;2.753492;14.79811
660;330;82.5;0.4183833;1;0;5.255278;3.911517;7.208156
661;331;0;0.8974039;0;0;4.95272;3.644665;14.43375
662;331;82.75;0.8974039;1;0;6.09145;5.722736;3.738996
663;332;0;0.0082397;0;0;3.533111;3.517631;12.77765
664;332;83;0.0082397;1;0;4.363259;4.841786;5.34476
665;333;0;0.0209905;0;0;0.6312976;2.010106;12.33744
666;333;83.25;0.0209905;1;0;5.430138;4.080327;4.96781
667;334;0;0.583291;0;0;3.229727;3.937445;13.80221
668;334;83.5;0.583291;1;0;4.886814;5.405628;4.933729
669;335;0;0.4928788;0;0;1.325268;4.649956;14.312
670;335;83.75;0.4928788;1;0;4.29669;3.819754;1.985359
671;336;0;0.7478492;0;0;4.476956;4.137398;13.37456
672;336;84;0.7478492;1;0;4.413995;4.625408;3.983172
673;337;0;0.9755834;0;0;3.381054;4.305785;15.02944
674;337;84.25;0.9755834;1;0;5.464875;4.598716;3.281214
675;338;0;0.444776;0;0;2.468641;3.143818;14.6041
676;338;84.5;0.444776;1;0;4.230012;4.053665;4.366381
677;339;0;0.9133557;0;0;3.723406;3.790476;13.90128
678;339;84.75;0.9133557;1;0;4.513465;5.485821;3.199511
679;340;0;0.6715059;0;0;3.072179;3.573818;13.85324
680;340;85;0.6715059;1;0;4.612;3.618464;4.944077
681;341;0;0.2307535;0;0;3.895575;3.035232;12.35528
682;341;85.25;0.2307535;1;0;3.992207;2.998783;4.110547
683;342;0;0.9596733;0;0;5.169118;3.50833;12.70237
684;342;85.5;0.9596733;1;0;4.144303;4.525046;5.233248
685;343;0;0.9460908;0;0;3.092595;4.950203;13.18563
686;343;85.75;0.9460908;1;0;4.766225;5.759;5.006346
687;344;0;0.3246324;0;0;1.787653;2.839073;14.13948
688;344;86;0.3246324;1;0;2.682941;2.932409;3.962413
689;345;0;0.8304199;0;0;3.406862;3.316181;13.44502
690;345;86.25;0.8304199;1;0;3.367539;4.343859;4.068546
691;346;0;0.8944111;0;0;3.617417;5.634597;13.92655
692;346;86.5;0.8944111;1;0;5.20815;4.337854;6.516975
693;347;0;0.2886944;0;0;3.135041;1.365351;14.36062
694;347;86.75;0.2886944;1;0;3.704676;4.082485;4.593537
695;348;0;0.7508631;0;0;2.98209;4.79899;14.13518
696;348;87;0.7508631;1;0;3.661594;7.049891;4.882564
697;349;0;0.1998805;0;0;2.066926;2.680237;12.88347
698;349;87.25;0.1998805;1;0;3.288455;4.04699;5.899557
699;350;0;0.3485996;0;0;2.238963;2.369888;13.7243
700;350;87.5;0.3485996;1;0;4.976812;4.36889;4.685649
701;351;0;0.1180762;0;0;4.09218;2.57892;14.0122
702;351;87.75;0.1180762;1;0;4.71173;3.497932;4.430453
703;352;0;0.8184493;0;0;5.264276;2.849077;13.98122
704;352;88;0.8184493;1;0;5.251204;5.572938;5.006332
705;353;0;0.4228194;0;0;5.002359;3.508083;14.77862
706;353;88.25;0.4228194;1;0;4.368968;4.941102;5.872071
707;354;0;0.0512023;0;0;3.270632;2.291557;11.67611
708;354;88.5;0.0512023;1;0;4.25114;3.948788;4.656679
709;355;0;0.2393252;0;0;1.702017;3.431986;12.81223
710;355;88.75;0.2393252;1;0;5.109518;4.965905;4.717265
711;356;0;0.2140131;0;0;3.104457;1.531336;12.53764
712;356;89;0.2140131;1;0;3.882753;4.54038;3.953114
713;357;0;0.6744075;0;0;4.472669;2.519728;12.07439
714;357;89.25;0.6744075;1;0;5.648001;4.414628;4.806792
715;358;0;0.3220938;0;0;2.782277;3.39623;13.70786
716;358;89.5;0.3220938;1;0;3.80114;3.967385;5.75724
717;359;0;0.5920528;0;0;4.999276;3.231077;14.9052
718;359;89.75;0.5920528;1;0;3.941055;4.632208;5.165138
719;360;0;0.0940478;0;0;4.008149;1.072561;14.34831
720;360;90;0.0940478;1;0;3.915906;4.178817;3.499954
721;361;0;0.9395648;0;0;2.495878;2.441295;13.0244
722;361;90.25;0.9395648;1;0;4.452259;7.094999;4.017109
723;362;0;0.4795322;0;0;3.249868;3.959266;16.11233
724;362;90.5;0.4795322;1;0;5.226053;4.980967;3.422716
725;363;0;0.1263922;0;0;3.624312;3.21067;12.43398
726;363;90.75;0.1263922;1;0;5.580549;5.184927;4.529199
727;364;0;0.2448796;0;0;1.971515;0.5369093;13.53978
728;364;91;0.2448796;1;0;3.783817;3.710083;4.088044
729;365;0;0.0551972;0;0;2.203441;2.363814;13.59038
730;365;91.25;0.0551972;1;0;4.056793;4.455155;4.647304
731;366;0;0.587467;0;0;2.489571;2.201944;11.11395
732;366;91.5;0.587467;1;0;4.096282;5.354938;5.699862
733;367;0;0.4860287;0;0;1.780048;4.25158;13.50022
734;367;91.75;0.4860287;1;0;5.638397;4.651695;6.076447
735;368;0;0.9390388;0;0;2.349577;6.072687;12.77604
736;368;92;0.9390388;1;0;3.175036;3.938539;5.814872
737;369;0;0.7473839;0;0;4.852671;3.448882;13.81805
738;369;92.25;0.7473839;1;0;4.968149;4.094193;4.304177
739;370;0;0.654327;0;0;4.261194;3.671963;12.50187
740;370;92.5;0.654327;1;0;5.626295;5.844937;5.801863
741;371;0;0.0006684;0;0;2.258122;4.564527;12.47146
742;371;92.75;0.0006684;1;0;4.746244;3.826493;3.259636
743;372;0;0.9316579;0;0;3.72211;3.815728;14.12119
744;372;93;0.9316579;1;0;2.587297;3.388841;5.77383
745;373;0;0.8725309;0;0;4.265031;3.942901;15.46287
746;373;93.25;0.8725309;1;0;5.598935;5.36309;5.936601
747;374;0;0.7767178;0;0;2.332262;1.686247;13.5064
748;374;93.5;0.7767178;1;0;4.16994;3.980251;3.843592
749;375;0;0.1698962;0;0;3.071357;2.078058;13.37132
750;375;93.75;0.1698962;1;0;3.306091;4.795229;4.282974
751;376;0;0.7862157;0;0;3.52738;3.355648;14.40683
752;376;94;0.7862157;1;0;3.29681;3.125868;4.43189
753;377;0;0.8218058;0;0;5.076487;2.289263;13.82711
754;377;94.25;0.8218058;1;0;2.486128;3.651229;3.085919
755;378;0;0.9920451;0;0;2.559565;1.874954;14.71686
756;378;94.5;0.9920451;1;0;6.3992;6.363917;5.929671
757;379;0;0.8979309;0;0;3.479112;5.885766;14.18515
758;379;94.75;0.8979309;1;0;6.532173;4.905002;4.56296
759;380;0;0.1064434;0;0;2.502253;2.921324;11.94205
760;380;95;0.1064434;1;0;2.830028;3.478252;4.81432
761;381;0;0.8044533;0;0;4.478307;1.900855;13.65137
762;381;95.25;0.8044533;1;0;4.277574;4.290915;6.056392
763;382;0;0.839032;0;0;1.939979;1.967411;14.80457
764;382;95.5;0.839032;1;0;4.245736;5.754002;5.96258
765;383;0;0.7841961;0;0;4.232715;2.726373;14.32316
766;383;95.75;0.7841961;1;0;4.677187;4.833854;5.809816
767;384;0;0.3585503;0;0;4.548264;3.629128;13.63076
768;384;96;0.3585503;1;0;5.422133;4.524044;4.635477
769;385;0;0.6962346;0;0;4.87913;4.251888;13.98733
770;385;96.25;0.6962346;1;0;2.65737;4.996294;6.552961
771;386;0;0.5236723;0;0;2.452157;1.687457;14.39163
772;386;96.5;0.5236723;1;0;4.605779;6.169594;5.49239
773;387;0;0.3153455;0;0;4.100784;2.413757;13.45259
774;387;96.75;0.3153455;1;0;3.666656;4.155587;4.431864
775;388;0;0.5684712;0;0;4.229649;6.020883;14.12151
776;388;97;0.5684712;1;0;4.524153;3.767905;4.440869
777;389;0;0.7400279;0;0;3.927981;4.893166;12.65082
778;389;97.25;0.7400279;1;0;3.904906;4.262562;3.557127
779;390;0;0.0676592;0;0;3.33257;4.386075;13.63426
780;390;97.5;0.0676592;1;0;4.131256;3.966641;3.101375
781;391;0;0.8366126;0;0;2.945394;4.290802;12.46598
782;391;97.75;0.8366126;1;0;3.663989;6.366152;5.376372
783;392;0;0.4597664;0;0;2.927309;2.655492;14.06171
784;392;98;0.4597664;1;0;4.007972;3.908504;6.135965
785;393;0;0.4578953;0;0;3.644021;4.727162;12.77833
786;393;98.25;0.4578953;1;0;2.842665;3.550694;4.726859
787;394;0;0.6232066;0;0;2.86371;2.76352;13.15216
788;394;98.5;0.6232066;1;0;5.360343;4.145066;4.250791
789;395;0;0.4985736;0;0;1.419776;3.241883;15.49655
790;395;98.75;0.4985736;1;0;4.338621;3.507182;3.992855
791;396;0;0.9103413;0;0;4.240185;2.467885;11.64542
792;396;99;0.9103413;1;0;4.615113;5.259761;3.742265
793;397;0;0.1090738;0;0;4.144458;3.124799;12.4056
794;397;99.25;0.1090738;1;0;5.113203;5.523692;3.238762
795;398;0;0.3881647;0;0;5.064061;3.81967;13.60128
796;398;99.5;0.3881647;1;0;3.387646;4.281086;6.936355
797;399;0;0.831458;0;0;3.19371;4.870279;14.36581
798;399;99.75;0.831458;1;0;5.407962;4.51252;7.112147
799;400;0;0.0786211;0;0;2.495993;3.59068;11.63559
800;400;100;0.0786211;1;0;3.196442;3.429682;3.350734
801;401;0;0.6405404;0;0;5.193182;4.975509;14.29554
802;401;0;0.6405404;1;1;15.04269;15.05962;22.87411
803;402;0;0.4768383;0;0;3.016163;3.208709;13.41792
804;402;0;0.4768383;1;1;15.32314;13.9245;25.6368
805;403;0;0.0005697;0;0;1.055699;3.505953;10.94151
806;403;0;0.0005697;1;1;13.37586;13.58953;24.06903
807;404;0;0.4254532;0;0;3.652829;4.227694;12.35627
808;404;0;0.4254532;1;1;11.38115;15.41078;24.57682
809;405;0;0.7976051;0;0;4.130511;2.931152;13.99534
810;405;0;0.7976051;1;1;14.13278;14.48622;24.11001
811;406;0;0.5295615;0;0;1.6544;4.584006;12.594
812;406;0;0.5295615;1;1;15.57764;16.24522;23.6685
813;407;0;0.1954318;0;0;3.90537;2.578627;13.84873
814;407;0;0.1954318;1;1;14.93872;13.18046;24.30216
815;408;0;0.704893;0;0;4.28134;3.970047;11.98753
816;408;0;0.704893;1;1;16.56668;15.2809;24.41993
817;409;0;0.7887819;0;0;3.300277;2.253339;14.91541
818;409;0;0.7887819;1;1;13.73174;13.91927;24.73444
819;410;0;0.7635083;0;0;3.569918;3.072004;13.18153
820;410;0;0.7635083;1;1;13.01043;13.33369;22.67796
821;411;0;0.7388638;0;0;4.777093;4.336163;13.07172
822;411;0;0.7388638;1;1;16.76111;14.85138;25.62987
823;412;0;0.3309153;0;0;2.192719;3.295898;13.51755
824;412;0;0.3309153;1;1;14.85461;14.01713;23.87949
825;413;0;0.2716621;0;0;2.868023;2.665707;12.56596
826;413;0;0.2716621;1;1;13.43866;14.32432;23.34005
827;414;0;0.4813806;0;0;4.362669;3.761604;13.32593
828;414;0;0.4813806;1;1;14.67997;15.29774;24.38102
829;415;0;0.7189866;0;0;1.264258;3.370742;13.21658
830;415;0;0.7189866;1;1;14.91495;15.6576;25.32685
831;416;0;0.9934441;0;0;3.213598;4.954967;15.13972
832;416;0;0.9934441;1;1;15.72847;15.53544;25.00803
833;417;0;0.8586496;0;0;5.786496;3.452868;14.253
834;417;0;0.8586496;1;1;14.44451;15.51661;26.34425
835;418;0;0.3078354;0;0;2.663344;4.367657;15.17356
836;418;0;0.3078354;1;1;13.73361;12.84972;23.50368
837;419;0;0.9563397;0;0;4.93683;5.590339;13.71385
838;419;0;0.9563397;1;1;15.93695;15.00966;25.50248
839;420;0;0.8000724;0;0;4.306864;5.743455;14.20165
840;420;0;0.8000724;1;1;14.04328;14.13555;24.10614
841;421;0;0.8974565;0;0;1.315927;3.404968;14.85324
842;421;0;0.8974565;1;1;13.37178;14.98605;24.92996
843;422;0;0.4700007;0;0;2.705867;3.017784;13.48747
844;422;0;0.4700007;1;1;14.51671;14.86162;24.68266
845;423;0;0.8050892;0;0;4.347116;2.998733;13.24956
846;423;0;0.8050892;1;1;15.25432;14.80925;23.52528
847;424;0;0.3293861;0;0;3.627572;3.339846;13.623
848;424;0;0.3293861;1;1;13.47661;12.893;25.63692
849;425;0;0.2043021;0;0;2.821462;2.358385;13.53569
850;425;0;0.2043021;1;1;14.19744;14.10186;23.96196
851;426;0;0.9668565;0;0;3.871902;3.762929;13.99155
852;426;0;0.9668565;1;1;13.09988;13.53584;25.45521
853;427;0;0.9566426;0;0;3.59416;3.584505;14.18301
854;427;0;0.9566426;1;1;13.97149;14.77161;24.46237
855;428;0;0.4255386;0;0;1.526579;4.908043;11.73273
856;428;0;0.4255386;1;1;16.41544;13.50639;25.33958
857;429;0;0.8651721;0;0;4.173847;5.035943;14.73245
858;429;0;0.8651721;1;1;16.53531;14.90781;25.59802
859;430;0;0.1369212;0;0;2.575851;4.483013;14.96745
860;430;0;0.1369212;1;1;14.12931;15.65444;23.77302
861;431;0;0.4513084;0;0;4.956429;3.196516;14.51297
862;431;0;0.4513084;1;1;14.61662;14.23125;25.89955
863;432;0;0.4573876;0;0;4.128839;3.500726;13.16496
864;432;0;0.4573876;1;1;14.78501;14.36027;25.61056
865;433;0;0.9237655;0;0;4.851368;3.789532;14.34339
866;433;0;0.9237655;1;1;16.01605;14.54807;24.52745
867;434;0;0.4463636;0;0;2.805905;3.031754;13.93271
868;434;0;0.4463636;1;1;14.21659;13.19029;23.92998
869;435;0;0.8435855;0;0;4.05384;4.117436;14.84532
870;435;0;0.8435855;1;1;13.71121;13.9456;26.1128
871;436;0;0.1046013;0;0;2.829696;3.923254;13.07591
872;436;0;0.1046013;1;1;14.54512;14.72151;25.21136
873;437;0;0.4454788;0;0;2.754524;2.936416;13.27274
874;437;0;0.4454788;1;1;13.94243;16.68545;24.12865
875;438;0;0.5893846;0;0;2.82173;2.84651;11.80568
876;438;0;0.5893846;1;1;14.87369;13.71096;24.57215
877;439;0;0.2187842;0;0;1.939033;3.831154;14.26674
878;439;0;0.2187842;1;1;12.84477;14.93445;23.44153
879;440;0;0.6048327;0;0;4.253103;4.156294;13.84557
880;440;0;0.6048327;1;1;14.64633;13.9504;24.951
881;441;0;0.0004127;0;0;3.931899;1.937735;13.18663
882;441;0;0.0004127;1;1;13.98274;14.48031;24.2109
883;442;0;0.7053054;0;0;5.276574;2.332237;14.80756
884;442;0;0.7053054;1;1;14.18223;13.30249;24.39671
885;443;0;0.9887672;0;0;4.359065;2.796179;14.27539
886;443;0;0.9887672;1;1;15.64876;16.87638;26.38343
887;444;0;0.2455434;0;0;2.873943;2.634682;13.70416
888;444;0;0.2455434;1;1;14.82088;14.40402;24.01896
889;445;0;0.7909302;0;0;2.66793;3.460956;13.06935
890;445;0;0.7909302;1;1;14.2016;15.62759;24.65988
891;446;0;0.4162312;0;0;1.667871;1.810046;13.20729
892;446;0;0.4162312;1;1;14.22231;15.88218;25.55192
893;447;0;0.404625;0;0;4.61892;3.589142;14.93465
894;447;0;0.404625;1;1;14.62948;12.61148;23.41143
895;448;0;0.2956163;0;0;2.095048;1.327154;13.43051
896;448;0;0.2956163;1;1;15.40829;14.00684;22.26498
897;449;0;0.0604517;0;0;4.373725;2.921194;12.98842
898;449;0;0.0604517;1;1;13.94714;13.55138;22.59745
899;450;0;0.7023469;0;0;3.144509;4.061236;14.94313
900;450;0;0.7023469;1;1;13.12127;15.86825;25.99605
901;451;0;0.7689675;0;0;3.320558;4.207928;15.09454
902;451;0;0.7689675;1;1;14.21222;14.88484;24.80371
903;452;0;0.7257195;0;0;4.267613;3.913438;14.86762
904;452;0;0.7257195;1;1;15.25946;15.21657;24.13018
905;453;0;0.8542313;0;0;3.920047;5.471827;13.13762
906;453;0;0.8542313;1;1;16.14187;14.13317;25.14391
907;454;0;0.6006004;0;0;4.284336;3.835669;12.39634
908;454;0;0.6006004;1;1;15.16866;13.44422;24.52887
909;455;0;0.7973941;0;0;4.968743;6.311955;12.37608
910;455;0;0.7973941;1;1;13.78375;13.94064;24.66653
911;456;0;0.0405953;0;0;3.595018;1.088341;11.40927
912;456;0;0.0405953;1;1;15.36384;13.24284;23.61269
913;457;0;0.3510599;0;0;1.689501;2.278904;14.26155
914;457;0;0.3510599;1;1;13.98358;13.16453;25.53227
915;458;0;0.20141;0;0;4.393846;4.637296;13.60532
916;458;0;0.20141;1;1;13.68992;14.01296;26.93663
917;459;0;0.1259;0;0;3.051944;4.020376;12.11155
918;459;0;0.1259;1;1;12.53307;13.34511;23.97798
919;460;0;0.4499511;0;0;2.821193;3.908399;15.19989
920;460;0;0.4499511;1;1;13.46117;15.88669;25.19074
921;461;0;0.6002994;0;0;1.903789;1.516691;12.36727
922;461;0;0.6002994;1;1;15.11585;15.21232;24.16528
923;462;0;0.7240024;0;0;3.945776;3.643132;13.09768
924;462;0;0.7240024;1;1;15.52976;12.50461;27.06624
925;463;0;0.694705;0;0;3.371432;3.743535;12.77672
926;463;0;0.694705;1;1;15.33048;14.13403;25.59718
927;464;0;0.6686863;0;0;5.238928;4.251896;12.53006
928;464;0;0.6686863;1;1;14.73712;13.80378;24.18801
929;465;0;0.0296013;0;0;4.517111;2.764885;14.12577
930;465;0;0.0296013;1;1;14.3464;14.94264;23.66224
931;466;0;0.3951896;0;0;5.084752;3.728285;15.47752
932;466;0;0.3951896;1;1;14.0279;14.65978;26.12638
933;467;0;0.3978495;0;0;2.472452;2.778843;12.85256
934;467;0;0.3978495;1;1;14.44115;14.95615;22.95292
935;468;0;0.9241496;0;0;4.651056;4.890103;15.44304
936;468;0;0.9241496;1;1;14.91571;16.55453;27.21484
937;469;0;0.3703236;0;0;2.833068;2.105448;13.6207
938;469;0;0.3703236;1;1;15.38712;14.62302;24.61654
939;470;0;0.0702673;0;0;2.614567;4.321328;12.89415
940;470;0;0.0702673;1;1;12.31713;14.4469;25.11381
941;471;0;0.3535219;0;0;4.194657;4.153339;13.19876
942;471;0;0.3535219;1;1;14.37025;15.85668;25.25481
943;472;0;0.8257408;0;0;2.953564;3.298274;14.1398
944;472;0;0.8257408;1;1;14.13124;14.1027;24.1324
945;473;0;0.5076664;0;0;4.77914;2.828425;12.75154
946;473;0;0.5076664;1;1;14.39968;16.29147;24.03558
947;474;0;0.350994;0;0;4.62085;4.021668;13.2959
948;474;0;0.350994;1;1;15.65174;14.03592;26.13943
949;475;0;0.9163973;0;0;4.493915;4.384123;14.99893
950;475;0;0.9163973;1;1;11.80194;14.60936;25.45819
951;476;0;0.983305;0;0;5.201874;5.705928;12.80767
952;476;0;0.983305;1;1;15.79255;15.40651;24.76313
953;477;0;0.6467869;0;0;3.798191;2.867748;14.19114
954;477;0;0.6467869;1;1;13.93304;14.16232;22.14277
955;478;0;0.2000171;0;0;3.666693;2.328182;12.91036
956;478;0;0.2000171;1;1;14.41334;14.93148;26.51934
957;479;0;0.749481;0;0;4.650233;4.673154;13.93368
958;479;0;0.749481;1;1;16.66127;15.12531;25.28944
959;480;0;0.478289;0;0;3.400792;4.071987;12.62049
960;480;0;0.478289;1;1;15.12629;13.7382;23.17385
961;481;0;0.6458846;0;0;3.107584;5.563701;14.81369
962;481;0;0.6458846;1;1;14.16903;14.18217;24.73971
963;482;0;0.3627316;0;0;3.786576;3.368801;12.89946
964;482;0;0.3627316;1;1;14.96937;15.11433;24.56257
965;483;0;0.2751311;0;0;2.594939;2.755251;14.55312
966;483;0;0.2751311;1;1;13.10964;13.55257;24.28649
967;484;0;0.6271086;0;0;3.490943;5.189214;13.45607
968;484;0;0.6271086;1;1;14.51906;15.29278;25.13027
969;485;0;0.8328673;0;0;4.593179;4.866786;14.36125
970;485;0;0.8328673;1;1;15.57933;15.00337;24.24378
971;486;0;0.0481863;0;0;3.685218;5.797248;13.38654
972;486;0;0.0481863;1;1;15.35147;13.55053;24.45294
973;487;0;0.213541;0;0;2.506621;3.261942;12.95194
974;487;0;0.213541;1;1;13.82058;15.79935;24.96798
975;488;0;0.5397298;0;0;3.135006;2.700459;12.88375
976;488;0;0.5397298;1;1;14.49022;13.89495;24.86571
977;489;0;0.8151929;0;0;3.363594;3.947596;12.47803
978;489;0;0.8151929;1;1;14.85824;15.21297;24.05707
979;490;0;0.3669584;0;0;2.647579;5.056961;13.64496
980;490;0;0.3669584;1;1;13.69236;14.47888;22.15108
981;491;0;0.9604822;0;0;2.756476;3.980973;13.29574
982;491;0;0.9604822;1;1;15.75735;15.75444;25.00835
983;492;0;0.4486523;0;0;4.361835;4.075173;14.37601
984;492;0;0.4486523;1;1;13.77678;13.12762;24.95128
985;493;0;0.1822629;0;0;1.766187;4.491416;12.94649
986;493;0;0.1822629;1;1;12.58281;13.61122;23.81741
987;494;0;0.0370944;0;0;1.727025;2.850971;12.44208
988;494;0;0.0370944;1;1;14.1572;13.09291;24.82468
989;495;0;0.85282;0;0;3.84697;2.7748;14.25852
990;495;0;0.85282;1;1;15.71308;16.23399;25.83483
991;496;0;0.015267;0;0;3.548894;3.146535;10.99804
992;496;0;0.015267;1;1;14.51444;14.58638;24.4742
993;497;0;0.0647704;0;0;3.65605;3.037763;12.46167
994;497;0;0.0647704;1;1;15.59833;14.89579;23.65019
995;498;0;0.5589314;0;0;4.781808;4.275056;14.95819
996;498;0;0.5589314;1;1;13.57626;13.73002;24.71594
997;499;0;0.3702605;0;0;2.928194;4.458233;12.25384
998;499;0;0.3702605;1;1;13.43231;15.16007;25.05583
999;500;0;0.1341184;0;0;2.596902;1.317862;14.25065
1000;500;0;0.1341184;1;1;12.96183;13.36719;25.22241
